--
-- PostgreSQL database dump
--

-- Dumped from database version 14.5
-- Dumped by pg_dump version 14.5

-- Started on 2022-12-14 18:09:21

SET statement_timeout = 0;
SET lock_timeout = 0;
SET idle_in_transaction_session_timeout = 0;
SET client_encoding = 'UTF8';
SET standard_conforming_strings = on;
SELECT pg_catalog.set_config('search_path', '', false);
SET check_function_bodies = false;
SET xmloption = content;
SET client_min_messages = warning;
SET row_security = off;

SET default_tablespace = '';

SET default_table_access_method = heap;

--
-- TOC entry 210 (class 1259 OID 16703)
-- Name: category; Type: TABLE; Schema: public; Owner: postgres
--

CREATE TABLE public.category (
    id integer NOT NULL,
    name character varying(255)
);


ALTER TABLE public.category OWNER TO postgres;

--
-- TOC entry 209 (class 1259 OID 16702)
-- Name: category_id_seq; Type: SEQUENCE; Schema: public; Owner: postgres
--

ALTER TABLE public.category ALTER COLUMN id ADD GENERATED BY DEFAULT AS IDENTITY (
    SEQUENCE NAME public.category_id_seq
    START WITH 1
    INCREMENT BY 1
    NO MINVALUE
    NO MAXVALUE
    CACHE 1
);


--
-- TOC entry 212 (class 1259 OID 16709)
-- Name: image; Type: TABLE; Schema: public; Owner: postgres
--

CREATE TABLE public.image (
    id integer NOT NULL,
    file_name character varying(255),
    product_id integer NOT NULL
);


ALTER TABLE public.image OWNER TO postgres;

--
-- TOC entry 211 (class 1259 OID 16708)
-- Name: image_id_seq; Type: SEQUENCE; Schema: public; Owner: postgres
--

ALTER TABLE public.image ALTER COLUMN id ADD GENERATED BY DEFAULT AS IDENTITY (
    SEQUENCE NAME public.image_id_seq
    START WITH 1
    INCREMENT BY 1
    NO MINVALUE
    NO MAXVALUE
    CACHE 1
);


--
-- TOC entry 214 (class 1259 OID 16715)
-- Name: orders; Type: TABLE; Schema: public; Owner: postgres
--

CREATE TABLE public.orders (
    id integer NOT NULL,
    count integer NOT NULL,
    date_time timestamp without time zone,
    number character varying(255),
    price real NOT NULL,
    status integer,
    person_id integer NOT NULL,
    product_id integer NOT NULL
);


ALTER TABLE public.orders OWNER TO postgres;

--
-- TOC entry 213 (class 1259 OID 16714)
-- Name: orders_id_seq; Type: SEQUENCE; Schema: public; Owner: postgres
--

ALTER TABLE public.orders ALTER COLUMN id ADD GENERATED BY DEFAULT AS IDENTITY (
    SEQUENCE NAME public.orders_id_seq
    START WITH 1
    INCREMENT BY 1
    NO MINVALUE
    NO MAXVALUE
    CACHE 1
);


--
-- TOC entry 216 (class 1259 OID 16721)
-- Name: person; Type: TABLE; Schema: public; Owner: postgres
--

CREATE TABLE public.person (
    id integer NOT NULL,
    login character varying(50),
    password character varying(255),
    role character varying(255)
);


ALTER TABLE public.person OWNER TO postgres;

--
-- TOC entry 215 (class 1259 OID 16720)
-- Name: person_id_seq; Type: SEQUENCE; Schema: public; Owner: postgres
--

ALTER TABLE public.person ALTER COLUMN id ADD GENERATED BY DEFAULT AS IDENTITY (
    SEQUENCE NAME public.person_id_seq
    START WITH 1
    INCREMENT BY 1
    NO MINVALUE
    NO MAXVALUE
    CACHE 1
);


--
-- TOC entry 218 (class 1259 OID 16729)
-- Name: product; Type: TABLE; Schema: public; Owner: postgres
--

CREATE TABLE public.product (
    id integer NOT NULL,
    date_time_of_created timestamp without time zone,
    description text NOT NULL,
    price real NOT NULL,
    seller character varying(255) NOT NULL,
    title text NOT NULL,
    warehouse character varying(255) NOT NULL,
    category_id integer NOT NULL,
    CONSTRAINT product_price_check CHECK ((price >= (1)::double precision))
);


ALTER TABLE public.product OWNER TO postgres;

--
-- TOC entry 220 (class 1259 OID 16738)
-- Name: product_cart; Type: TABLE; Schema: public; Owner: postgres
--

CREATE TABLE public.product_cart (
    id integer NOT NULL,
    person_id integer,
    product_id integer
);


ALTER TABLE public.product_cart OWNER TO postgres;

--
-- TOC entry 219 (class 1259 OID 16737)
-- Name: product_cart_id_seq; Type: SEQUENCE; Schema: public; Owner: postgres
--

ALTER TABLE public.product_cart ALTER COLUMN id ADD GENERATED BY DEFAULT AS IDENTITY (
    SEQUENCE NAME public.product_cart_id_seq
    START WITH 1
    INCREMENT BY 1
    NO MINVALUE
    NO MAXVALUE
    CACHE 1
);


--
-- TOC entry 217 (class 1259 OID 16728)
-- Name: product_id_seq; Type: SEQUENCE; Schema: public; Owner: postgres
--

ALTER TABLE public.product ALTER COLUMN id ADD GENERATED BY DEFAULT AS IDENTITY (
    SEQUENCE NAME public.product_id_seq
    START WITH 1
    INCREMENT BY 1
    NO MINVALUE
    NO MAXVALUE
    CACHE 1
);


--
-- TOC entry 3350 (class 0 OID 16703)
-- Dependencies: 210
-- Data for Name: category; Type: TABLE DATA; Schema: public; Owner: postgres
--

INSERT INTO public.category (id, name) VALUES (1, 'Мебель');
INSERT INTO public.category (id, name) VALUES (2, 'Бытовая техника');
INSERT INTO public.category (id, name) VALUES (3, 'Одежда');


--
-- TOC entry 3352 (class 0 OID 16709)
-- Dependencies: 212
-- Data for Name: image; Type: TABLE DATA; Schema: public; Owner: postgres
--

INSERT INTO public.image (id, file_name, product_id) VALUES (1, '149ea2e2-f883-45b1-933b-c71f3622f75b.1.jpg', 1);
INSERT INTO public.image (id, file_name, product_id) VALUES (2, 'a9c2b887-2c7b-4b9d-be66-fdf3f1bd8664.2.jpg', 1);
INSERT INTO public.image (id, file_name, product_id) VALUES (3, 'aa8ff8f9-17db-40b9-9fc0-e3bd771b5c9a.3.jpg', 1);
INSERT INTO public.image (id, file_name, product_id) VALUES (4, '3c6795fa-ce57-4e5c-8e3f-054e23f5186b.4.jpg', 1);
INSERT INTO public.image (id, file_name, product_id) VALUES (5, '3e9e0be7-f8cb-4c7d-a4a5-60017a11a7da.5.jpg', 1);
INSERT INTO public.image (id, file_name, product_id) VALUES (6, 'ad260700-8b4e-46c6-90ce-6f72b9be8217.1.jpg', 2);
INSERT INTO public.image (id, file_name, product_id) VALUES (7, 'bf6da28b-3413-447b-a69c-801cc8f1781f.2.jpg', 2);
INSERT INTO public.image (id, file_name, product_id) VALUES (8, '44a4aeb9-fb55-463c-a264-e8e139ba4d48.3.jpg', 2);
INSERT INTO public.image (id, file_name, product_id) VALUES (9, 'e2cd8b18-9501-4537-94b3-4bd3a0419e00.4.jpg', 2);
INSERT INTO public.image (id, file_name, product_id) VALUES (10, '2b60fc84-fa14-4c5e-9569-0938c7a1fe33.5.jpg', 2);
INSERT INTO public.image (id, file_name, product_id) VALUES (11, '2150e1f1-978c-4299-a459-8d6be95c93e1.1.jpeg', 3);
INSERT INTO public.image (id, file_name, product_id) VALUES (12, '8297a492-8ca0-4939-9edd-d916cadad420.2.jpg', 3);
INSERT INTO public.image (id, file_name, product_id) VALUES (13, '9b4ded99-44b5-4e30-aa4b-e1b8f43b2ca8.3.jpg', 3);
INSERT INTO public.image (id, file_name, product_id) VALUES (14, '50c1816c-5711-4056-920a-c2e2fd6518d8.4.jpg', 3);
INSERT INTO public.image (id, file_name, product_id) VALUES (15, '9ff7638f-c82b-46fa-9c97-2c5521c0d8c3.5.jpg', 3);
INSERT INTO public.image (id, file_name, product_id) VALUES (16, '1ec45f7f-3b92-43a6-80e5-6387aee685e2.1.jpg', 4);
INSERT INTO public.image (id, file_name, product_id) VALUES (17, '0401a7b5-8a51-4ce4-bc4b-3d6dba345f78.4.jpg', 4);
INSERT INTO public.image (id, file_name, product_id) VALUES (18, '6d869ebf-bc5b-498b-8d95-49102fb6e058.2.jpg', 4);
INSERT INTO public.image (id, file_name, product_id) VALUES (19, '1c309096-7444-4074-af20-91bfa6c5ea46.3.jpg', 4);
INSERT INTO public.image (id, file_name, product_id) VALUES (20, '441901c7-19b9-4e9a-8fa5-fbd726d8d19e.5.jpg', 4);
INSERT INTO public.image (id, file_name, product_id) VALUES (21, '9fe8e351-d9d2-466c-8b66-0a360a485e85.1.jpg', 5);
INSERT INTO public.image (id, file_name, product_id) VALUES (22, 'ac8a7f6c-f108-47d3-a244-c070e61654d5.2.jpg', 5);
INSERT INTO public.image (id, file_name, product_id) VALUES (23, '8b5d952c-c726-40b5-9411-29985c597d47.3.jpg', 5);
INSERT INTO public.image (id, file_name, product_id) VALUES (24, '57a6cfa1-16d6-4119-8e2e-59444bf45f88.4.jpg', 5);
INSERT INTO public.image (id, file_name, product_id) VALUES (25, '9dfe2843-5db9-4444-a7ef-c40fcb2a7021.5.jpg', 5);
INSERT INTO public.image (id, file_name, product_id) VALUES (26, 'ea654489-73e4-4668-9849-7bb48e3e5b6d.1 (1).jpg', 6);
INSERT INTO public.image (id, file_name, product_id) VALUES (27, 'a099331b-ce26-4a80-8011-163919a865a8.2.jpg', 6);
INSERT INTO public.image (id, file_name, product_id) VALUES (28, 'a3be18e9-fd09-4a81-a409-5c9577933ff0.3.jpg', 6);
INSERT INTO public.image (id, file_name, product_id) VALUES (29, 'c5795d1e-f824-4ced-b7d4-86c006b5da31.4.jpg', 6);
INSERT INTO public.image (id, file_name, product_id) VALUES (30, '6ee028f4-8372-46b0-9afd-881273b29218.5.jpg', 6);
INSERT INTO public.image (id, file_name, product_id) VALUES (31, '255c11eb-1005-4d66-aab9-0caf44c5c7b1.1 .jpeg', 7);
INSERT INTO public.image (id, file_name, product_id) VALUES (32, '1be5083c-eff9-4f3e-ba35-9cf61e33ee14.2.jpg', 7);
INSERT INTO public.image (id, file_name, product_id) VALUES (33, '9ce34307-3a25-4f6c-979d-ff8416c3b5c4.3.jpg', 7);
INSERT INTO public.image (id, file_name, product_id) VALUES (34, 'dfb2bd70-0473-41b7-ae90-a8ff83f5626c.4.jpg', 7);
INSERT INTO public.image (id, file_name, product_id) VALUES (35, '32ab982b-d4fb-40e4-893c-737a916a81f6.5.jpg', 7);
INSERT INTO public.image (id, file_name, product_id) VALUES (36, 'aeb44bb4-4b78-43bc-b800-78d809ec1be3.1.jpg', 8);
INSERT INTO public.image (id, file_name, product_id) VALUES (37, 'bb31b7d6-61c1-4454-adcd-44e0eafc7644.2.jpeg', 8);
INSERT INTO public.image (id, file_name, product_id) VALUES (38, '2f762acd-22d9-487d-bb0b-691c89f19a4d.3.jpg', 8);
INSERT INTO public.image (id, file_name, product_id) VALUES (39, '150a21b3-fa71-41cf-b9a5-023007b21be9.4.jpeg', 8);
INSERT INTO public.image (id, file_name, product_id) VALUES (40, 'e5f505f5-de4a-402c-a7e8-4bc78012241e.5.jpg', 8);


--
-- TOC entry 3354 (class 0 OID 16715)
-- Dependencies: 214
-- Data for Name: orders; Type: TABLE DATA; Schema: public; Owner: postgres
--

INSERT INTO public.orders (id, count, date_time, number, price, status, person_id, product_id) VALUES (1, 1, '2022-12-10 21:20:04.859958', 'e42cd382-c74e-4fe6-830a-b76086fc5af9', 2520, 1, 1, 2);
INSERT INTO public.orders (id, count, date_time, number, price, status, person_id, product_id) VALUES (2, 1, '2022-12-10 23:43:22.431509', '7dc51b03-66c6-4265-b7fe-cd2d31e57d57', 3960, 1, 1, 1);
INSERT INTO public.orders (id, count, date_time, number, price, status, person_id, product_id) VALUES (3, 1, '2022-12-10 23:43:22.482164', '7dc51b03-66c6-4265-b7fe-cd2d31e57d57', 11249, 1, 1, 6);


--
-- TOC entry 3356 (class 0 OID 16721)
-- Dependencies: 216
-- Data for Name: person; Type: TABLE DATA; Schema: public; Owner: postgres
--

INSERT INTO public.person (id, login, password, role) VALUES (1, 'user_test', '$2a$10$blFq0krCqSvAO6rJ5Lbw/e5kr3h6dbKs2biHEEYaQo7BjHjoYoYRC', 'ROLE_USER');
INSERT INTO public.person (id, login, password, role) VALUES (2, 'admin', '$2a$10$mGpX4oT/uhId7gxtNnK7LuLL0e/TEs.GPn66WsnXyH4wbXnW/Jqxq', 'ROLE_ADMIN');


--
-- TOC entry 3358 (class 0 OID 16729)
-- Dependencies: 218
-- Data for Name: product; Type: TABLE DATA; Schema: public; Owner: postgres
--

INSERT INTO public.product (id, date_time_of_created, description, price, seller, title, warehouse, category_id) VALUES (1, '2022-12-09 19:20:15.973632', 'Размеры (ШхГхВ): 75,2х43х75 см. Комод неотъемлемая часть мебели квартиры или дома. Комод деревянный Ксения станет надежным помощником в хранении вещей. Комод для хранения представлен в нескольких цветах: белый, крафт белый, серый, дуб сонома и бук, что позволит вписать в интерьер комнаты и сочетать с другой мебелью в доме. Комод для вещей идет в двух вариантах: с ручками и без них. Во втором варианте в комоде убраны ручки и удлинен фасад, за который и происходит открывание. Универсальность тумбы позволяет использовать ее, как детскую мебель в комнате вашего ребенка, в четырех больших ящиках поместятся игрушки и вещи. Поставьте его вместе с письменным столом Альянс арт. 100243145 в детской и он станет помощником в хранении учебников, тетрадей и канцелярии. В спальне он выступит как тумба для ТВ. А поставив в прихожей, комод Ксения будет сочетаться с обувницей Грация арт. 114272890 и настенной вешалкой Глория арт. 73452816. Мебельная фабрика «Стендмебель» использует только высококачественные материалы и фурнитуру, мы заботимся о наших покупателях и хотим, чтобы наша мебель прослужила Вам как можно дольше. Мы делаем все возможное, чтобы наша продукция доезжала даже в самые дальние уголки нашей страны целой и радовало Вас, для этого мы упаковываем нашу продукцию в картон, а по периметру укрепляем упаковку пенопластом. Для сборки Вам понадобится отвертка или шуроповерт, ключ шестигранник идет в комплекте. Гарантия: 12 месяцев', 3960, 'Стендмебель - фабрика мебели', 'Стендмебель Комод с ящиками Ксения СТМ для вещей', 'Коледино', 1);
INSERT INTO public.product (id, date_time_of_created, description, price, seller, title, warehouse, category_id) VALUES (2, '2022-12-09 20:25:33.167607', 'Размеры (ШхГхВ): 60х25,6х75 смНаша обувница Джулия станет прекрасным решением для удобного хранения обуви в прихожей, создав комфорт и чистоту в Вашем доме. Основное преимущество данной модели - её компактные размеры, позволяющие сэкономить несколько квадратных метров пола прихожей даже небольшой квартиры, обувная полка подойдет для хранения мужской, женской и детской обуви. Благодаря классическому дизайну, универсальности и актуальным цветовым решениям этажерка для обуви отлично дополнит Ваш комплект мебели любого стиля. Обувница в прихожую или как ее еще называют, галошница оснащена изолированной полочкой под аксессуары, которая станет незаменимой для домашних мелочей, ключей, перчаток, шапок, шарфов или предметов по уходу за обувью. В закрытом состоянии используйте её, чтобы поставить сумочку или пакет, положить зонт. Обувница белая, как и другие цвета имеет три наклонные полки для обуви в прихожую общей вместимостью до 9 пар обуви. Обувница для обуви сделана из сертифицированных и высококачественных ЛДСП, поэтому она прослужит Вам не один год. Собрать полки для обуви легко в домашних условиях. К набору прилагается подробная инструкция по сборке. Габаритные размеры обувницы (ШхВхГ) 60х25,6х75 см. Так же предлагаем другие наши товары бренда Стендмебель: Вешалка Глория артикул 73452816, Обувница Дина артикул 73474145, Вешалка Грация-2 артикул 112396129.', 2520, 'Стендмебель - фабрика мебели', 'Стендмебель Обувница Джулия СТМ, тумба для обуви', 'Коледино', 1);
INSERT INTO public.product (id, date_time_of_created, description, price, seller, title, warehouse, category_id) VALUES (3, '2022-12-09 20:28:28.898139', 'Размеры (ШхГхВ): 100х38,6х74,6 см Компьютерный стол Софи привлекает своей функциональностью, строгим дизайном и высоким уровнем прочности. Наш стол выполнен в трех цветах поэтому для него найдется место в любой комнате Вашего дома. Может использоваться как детский, компьютерный столик для учебы и отдыха или в кабинет и использовать его как рабочий стол. Вы можете расставить на него косметику и использовать как туалетный столик в спальню. В открытые полочки можно положить не только любимые книги и игрушки, но и различную мелочь для дома. Так же стол отлично впишется в любой офис и станет удобным рабочим местом для сотрудника. Модели обладают стандартной высотой, которая обеспечит вам и вашему ребенку комфортную посадку. Для стола используются сертифицированные, высококачественные ЛДСП, поэтому наша мебель прослужит вам не один год. К набору прилагается подробная инструкция по сборке.', 3000, 'Стендмебель - фабрика мебели', 'Стендмебель Стол письменный Софи СТМ, компьютерный', 'Коледино', 1);
INSERT INTO public.product (id, date_time_of_created, description, price, seller, title, warehouse, category_id) VALUES (4, '2022-12-09 20:33:41.602252', 'Джинсы молодежные на лето и осень - незаменимая вещь современного модного базового мужского гардероба. Удобные и функциональные - эти штаны брюки используются в качестве рабочей одежды, для дома, для спорта, для бега. Разнообразие моделей джинсовых брюк широкое: трубы, бананы, бойфренды, джоггеры, slim, бриджи, мотоджинсы. Особой популярностью пользуются прямые и зауженные к низу классические джинсы со средней и высокой посадкой. В коллекции бренда EREMES представлены синие голубые джинсы для мужчин высокого роста ( до 190 см), отлично сочетаются с рубашкой, толстовкой, худи, пиджаком и водолазкой. Модель штанов классического прямого кроя, застежка молния и шарнирная пуговица, накладные карманы сзади, штаны не зауженные, без флиса. Идеальная посадка обеспечена за счет точных лекал с фабрик Турции. Штаны подойдут обладателям больших размеров и высоким мальчикам подросткам. В них удобно водить автомобиль и мотоцикл. Мужские брюки комфортно носить в летний период. Подарок любимому другу папе. Турецкие джинсы мужские прямые широкие штаны классика брюки для невысоких мужская одежда для мальчиков рваные американки брюки с карманами без утепления скинни осень зима casual слоучи момы из плотного денима skinny с потертостями спортивки оверсайз стрейч светлые узкие молодежные слим большие зимние потертые по бокам больших размеров летние брюки', 1450, 'EREMES', 'Eremes Джинсы мужские прямые классические', 'Коледино', 3);
INSERT INTO public.product (id, date_time_of_created, description, price, seller, title, warehouse, category_id) VALUES (5, '2022-12-09 20:36:11.106029', 'Футболка мужская хлопок спортивная однотонная базовая модная свободная пляжная с коротким рукавом. Стильная хлопковая футболка классического кроя - это вещь унисекс, которая подойдет и мужчинам, и женщинам. СОСТАВ: ХЛОПОК 100% ПЛОТНОСТЬ 180 гр/мк в. Молодежная женская и мужская футболка выполнена из плотной хлопковой ткани и имеет круглый вырез горловины. Удлиненная футболка подходит для отдыха, туризма и занятий спортом: фитнеса, йоги, бега и тренировок в зале. В ней можно отправиться на прогулку в город. Базовая футболка вписывается в школьную форму и офисный стиль. Ее можно носить дома или надеть в школу и на работу в офис под пиджак. Трикотажная футболка оптимальна для носки летом. Она является базовой вещью и будет прекрасно сочетаться со всеми вещами в вашем гардеробе, в том числе в стиле оверсайз. Красивая футболка подойдет парням и девушкам любого роста - высоким и невысоким. Ее могут носить взрослые и подростки. В ассортименте большой выбор ярких цветов. Вы можете подарить ее на день рождения любимому мужу, маме, брату или папе. У нас есть акции и распродажи, вы можете купить наши товары в подарок со скидкой!', 338, 'UZcotton', 'UZcotton Футболка мужская хлопок спортивная однотонная базовая', 'Коледино', 3);
INSERT INTO public.product (id, date_time_of_created, description, price, seller, title, warehouse, category_id) VALUES (6, '2022-12-09 20:37:57.904281', 'Мужская футбольная куртка для тренировок в прохладную погоду. Утепленная модель дополнена стегаными вставками на подкладке и рукавах. Застежка на молнию и глубокий прилегающий капюшон. Современный приталенный крой.', 11249, 'ВАЙЛДБЕРРИЗ', 'adidas Куртка', 'Коледино', 3);
INSERT INTO public.product (id, date_time_of_created, description, price, seller, title, warehouse, category_id) VALUES (7, '2022-12-09 20:41:32.470111', '**5 в 1: Планетарный миксер с 3-мя насадками, Блендер, Мясорубка. Технология SmartMIX - прибор автоматически подбирает оптимальную мощность работы для каждого вида и количества ингредиентов. Технология PROtect+ защита двигателя от перегрева.** Надёжная конструкция со стальными шестернями. Планетарное вращение насадок. Чаша из нержавеющей стали. Объем чаши 5 л. 6 скоростных режимов. Плавная регулировка скорости. Импульсивный режим. Венчик для взбивания. Насадка для смешивания. Крюк для замешивания теста. Крышка чаши для добавления ингредиентов. Мясорубка: 2 диска из нержавеющей стали (5 и 7 мм). Кувшин блендера из высокопрочного стекла объемом 1,5 л.Низкий уровень шума. Система безопасного включения. Защита двигателя от перегрева. Отсек для намотки сетевого шнура. Прорезиненные ножки. Мощность: 1100 Вт.', 10999, 'ВАЙЛДБЕРРИЗ', 'Polaris Планетарный миксер / Кухонная машина PKM 1104, (POLARIS)', 'Коледино', 2);
INSERT INTO public.product (id, date_time_of_created, description, price, seller, title, warehouse, category_id) VALUES (8, '2022-12-09 20:46:17.981369', 'Беспроводной ручной портативный пылесос отлично подойдет для уборки различных помещений. В комплекте присутствуют фильтр, вертикальный стакан или контейнер для воды, есть насадки, но набор идет без мешка. Присутствует 3 бака для воды. В одном вода очищается, в другом - хранится в чистом виде, а в третий - поступает грязная. Также есть функция самоочистки пылесоса. И сухая, и влажная уборка с ним станут намного проще и быстрее. Щетка имеет мощный аккумулятор и работает на батарейка. Компактный мобильный пылесос может использоваться как швабра. Моющий прибор хорошо подойдет для уборки шерсти с дивана, чистки ковров, для пыли и грязи, или просто для мытья полов. Мобильный аккумуляторный пылесос очень хороший помощник для дома.', 17995, 'Официальный магазин Polaris', 'Redkey Вертикальный пылесос , моющий пылесос', 'Коледино', 2);


--
-- TOC entry 3360 (class 0 OID 16738)
-- Dependencies: 220
-- Data for Name: product_cart; Type: TABLE DATA; Schema: public; Owner: postgres
--

INSERT INTO public.product_cart (id, person_id, product_id) VALUES (6, 1, 8);


--
-- TOC entry 3366 (class 0 OID 0)
-- Dependencies: 209
-- Name: category_id_seq; Type: SEQUENCE SET; Schema: public; Owner: postgres
--

SELECT pg_catalog.setval('public.category_id_seq', 3, true);


--
-- TOC entry 3367 (class 0 OID 0)
-- Dependencies: 211
-- Name: image_id_seq; Type: SEQUENCE SET; Schema: public; Owner: postgres
--

SELECT pg_catalog.setval('public.image_id_seq', 40, true);


--
-- TOC entry 3368 (class 0 OID 0)
-- Dependencies: 213
-- Name: orders_id_seq; Type: SEQUENCE SET; Schema: public; Owner: postgres
--

SELECT pg_catalog.setval('public.orders_id_seq', 3, true);


--
-- TOC entry 3369 (class 0 OID 0)
-- Dependencies: 215
-- Name: person_id_seq; Type: SEQUENCE SET; Schema: public; Owner: postgres
--

SELECT pg_catalog.setval('public.person_id_seq', 3, true);


--
-- TOC entry 3370 (class 0 OID 0)
-- Dependencies: 219
-- Name: product_cart_id_seq; Type: SEQUENCE SET; Schema: public; Owner: postgres
--

SELECT pg_catalog.setval('public.product_cart_id_seq', 6, true);


--
-- TOC entry 3371 (class 0 OID 0)
-- Dependencies: 217
-- Name: product_id_seq; Type: SEQUENCE SET; Schema: public; Owner: postgres
--

SELECT pg_catalog.setval('public.product_id_seq', 8, true);


--
-- TOC entry 3191 (class 2606 OID 16707)
-- Name: category category_pkey; Type: CONSTRAINT; Schema: public; Owner: postgres
--

ALTER TABLE ONLY public.category
    ADD CONSTRAINT category_pkey PRIMARY KEY (id);


--
-- TOC entry 3193 (class 2606 OID 16713)
-- Name: image image_pkey; Type: CONSTRAINT; Schema: public; Owner: postgres
--

ALTER TABLE ONLY public.image
    ADD CONSTRAINT image_pkey PRIMARY KEY (id);


--
-- TOC entry 3195 (class 2606 OID 16719)
-- Name: orders orders_pkey; Type: CONSTRAINT; Schema: public; Owner: postgres
--

ALTER TABLE ONLY public.orders
    ADD CONSTRAINT orders_pkey PRIMARY KEY (id);


--
-- TOC entry 3197 (class 2606 OID 16727)
-- Name: person person_pkey; Type: CONSTRAINT; Schema: public; Owner: postgres
--

ALTER TABLE ONLY public.person
    ADD CONSTRAINT person_pkey PRIMARY KEY (id);


--
-- TOC entry 3203 (class 2606 OID 16742)
-- Name: product_cart product_cart_pkey; Type: CONSTRAINT; Schema: public; Owner: postgres
--

ALTER TABLE ONLY public.product_cart
    ADD CONSTRAINT product_cart_pkey PRIMARY KEY (id);


--
-- TOC entry 3199 (class 2606 OID 16736)
-- Name: product product_pkey; Type: CONSTRAINT; Schema: public; Owner: postgres
--

ALTER TABLE ONLY public.product
    ADD CONSTRAINT product_pkey PRIMARY KEY (id);


--
-- TOC entry 3201 (class 2606 OID 16744)
-- Name: product uk_qka6vxqdy1dprtqnx9trdd47c; Type: CONSTRAINT; Schema: public; Owner: postgres
--

ALTER TABLE ONLY public.product
    ADD CONSTRAINT uk_qka6vxqdy1dprtqnx9trdd47c UNIQUE (title);


--
-- TOC entry 3205 (class 2606 OID 16750)
-- Name: orders fk1b0m4muwx1t377w9if3w6wwqn; Type: FK CONSTRAINT; Schema: public; Owner: postgres
--

ALTER TABLE ONLY public.orders
    ADD CONSTRAINT fk1b0m4muwx1t377w9if3w6wwqn FOREIGN KEY (person_id) REFERENCES public.person(id);


--
-- TOC entry 3207 (class 2606 OID 16760)
-- Name: product fk1mtsbur82frn64de7balymq9s; Type: FK CONSTRAINT; Schema: public; Owner: postgres
--

ALTER TABLE ONLY public.product
    ADD CONSTRAINT fk1mtsbur82frn64de7balymq9s FOREIGN KEY (category_id) REFERENCES public.category(id);


--
-- TOC entry 3206 (class 2606 OID 16755)
-- Name: orders fk787ibr3guwp6xobrpbofnv7le; Type: FK CONSTRAINT; Schema: public; Owner: postgres
--

ALTER TABLE ONLY public.orders
    ADD CONSTRAINT fk787ibr3guwp6xobrpbofnv7le FOREIGN KEY (product_id) REFERENCES public.product(id);


--
-- TOC entry 3204 (class 2606 OID 16745)
-- Name: image fkgpextbyee3uk9u6o2381m7ft1; Type: FK CONSTRAINT; Schema: public; Owner: postgres
--

ALTER TABLE ONLY public.image
    ADD CONSTRAINT fkgpextbyee3uk9u6o2381m7ft1 FOREIGN KEY (product_id) REFERENCES public.product(id);


--
-- TOC entry 3209 (class 2606 OID 16770)
-- Name: product_cart fkhpnrxdy3jhujameyod08ilvvw; Type: FK CONSTRAINT; Schema: public; Owner: postgres
--

ALTER TABLE ONLY public.product_cart
    ADD CONSTRAINT fkhpnrxdy3jhujameyod08ilvvw FOREIGN KEY (product_id) REFERENCES public.product(id);


--
-- TOC entry 3208 (class 2606 OID 16765)
-- Name: product_cart fksgnkc1ko2i1o9yr2p63ysq3rn; Type: FK CONSTRAINT; Schema: public; Owner: postgres
--

ALTER TABLE ONLY public.product_cart
    ADD CONSTRAINT fksgnkc1ko2i1o9yr2p63ysq3rn FOREIGN KEY (person_id) REFERENCES public.person(id);


-- Completed on 2022-12-14 18:09:21

--
-- PostgreSQL database dump complete
--

